concept_id,code,source,datatype,amrs_id,amrs_datatype
1,1,AMPATH,N/A,1,N/A
2,2,AMPATH,N/A,2,N/A
12,12,AMPATH,Coded,12,Coded
21,21,AMPATH,Numeric,21,Numeric
32,32,AMPATH,Coded,32,Coded
42,42,AMPATH,Boolean,42,N/A
56,56,AMPATH,Text,56,Coded
100,100,AMPATH,N/A,100,N/A
102,102,AMPATH,N/A,102,N/A
105,105,AMPATH,N/A,105,N/A
106,106,AMPATH,N/A,106,N/A
109,109,CIEL,N/A,109,N/A
112,112,CIEL,N/A,112,N/A
120,120,CIEL,N/A,120,N/A
134,134,AMPATH,N/A,134,N/A
141,141,CIEL,N/A,141,N/A
151,151,AMPATH,N/A,151,N/A
171,171,AMPATH,N/A,171,N/A
190,190,AMPATH,N/A,190,N/A
241,241,CIEL,N/A,241,N/A
279,278,AMPATH,N/A,278,N/A
294,294,AMPATH,N/A,294,N/A
298,297,AMPATH,N/A,297,N/A
299,299,AMPATH,Coded,299,Coded
300,300,AMPATH,Coded,300,Coded
302,302,AMPATH,Coded,302,N/A
304,304,AMPATH,Coded,304,Coded
307,2310,AMPATH,Coded,2310,N/A
351,351,AMPATH,N/A,351,N/A
374,374,AMPATH,Coded,374,Coded
431,431,CIEL,N/A,431,N/A
450,267,AMPATH,N/A,267,N/A
460,460,AMPATH,Coded,460,N/A
461,461,AMPATH,N/A,461,N/A
493,493,CIEL,N/A,493,N/A
507,507,CIEL,N/A,507,N/A
512,512,AMPATH,Coded,512,N/A
630,630,AMPATH,N/A,630,N/A
654,654,AMPATH,Numeric,654,Numeric
664,664,AMPATH,N/A,664,N/A
690,690,AMPATH,N/A,690,N/A
694,694,AMPATH,N/A,694,N/A
699,699,AMPATH,N/A,699,N/A
703,703,AMPATH,N/A,703,N/A
730,730,AMPATH,Numeric,730,Numeric
767,767,AMPATH,N/A,767,N/A
768,768,AMPATH,N/A,768,N/A
773,773,CIEL,N/A,773,N/A
780,13,AMPATH,N/A,13,N/A
790,790,AMPATH,Numeric,790,Numeric
792,792,AMPATH,N/A,792,N/A
794,793,AMPATH,N/A,793,N/A
798,328,AMPATH,N/A,328,N/A
817,817,AMPATH,N/A,817,N/A
819,819,AMPATH,N/A,819,N/A
820,820,AMPATH,N/A,820,N/A
822,822,AMPATH,N/A,822,N/A
823,5049,AMPATH,N/A,5049,N/A
832,832,AMPATH,Boolean,832,N/A
843,843,AMPATH,N/A,843,N/A
844,844,AMPATH,Coded,844,Coded
856,856,AMPATH,Numeric,856,Numeric
857,857,AMPATH,Numeric,857,Numeric
871,871,AMPATH,Coded,871,N/A
879,879,CIEL,N/A,879,N/A
882,5352,AMPATH,N/A,5352,Numeric
902,902,AMPATH,N/A,902,N/A
907,907,AMPATH,N/A,907,N/A
913,354,AMPATH,N/A,354,N/A
917,277,AMPATH,N/A,277,N/A
924,87,AMPATH,N/A,87,N/A
931,2273,AMPATH,N/A,2273,N/A
944,944,CIEL,N/A,944,N/A
951,951,AMPATH,N/A,951,N/A
965,965,AMPATH,Boolean,965,Boolean
966,966,AMPATH,Coded,966,Coded
970,970,AMPATH,N/A,970,N/A
971,971,AMPATH,N/A,971,N/A
972,972,AMPATH,N/A,972,N/A
973,973,AMPATH,N/A,973,N/A
974,974,AMPATH,N/A,974,N/A
975,2042,AMPATH,Boolean,2042,N/A
978,978,AMPATH,N/A,978,N/A
981,981,AMPATH,N/A,981,N/A
984,984,CIEL,Coded,984,Coded
995,995,CIEL,N/A,995,N/A
996,996,AMPATH,N/A,996,N/A
999,999,AMPATH,N/A,999,N/A
1030,1030,AMPATH,Coded,1030,Coded
1048,1048,AMPATH,Boolean,1048,Boolean
1053,1053,AMPATH,Numeric,1053,Numeric
1054,1054,AMPATH,Coded,1054,Coded
1056,1056,AMPATH,N/A,1056,N/A
1057,1057,AMPATH,N/A,1057,N/A
1058,1058,AMPATH,N/A,1058,N/A
1059,1059,AMPATH,N/A,1059,N/A
1060,1060,AMPATH,N/A,1060,N/A
1065,1065,AMPATH,N/A,1065,N/A
1066,1066,AMPATH,N/A,1066,N/A
1067,1067,AMPATH,N/A,1067,N/A
1072,1072,AMPATH,N/A,1072,N/A
1073,1073,AMPATH,N/A,1073,N/A
1074,1074,AMPATH,N/A,1074,N/A
1085,1085,AMPATH,N/A,1085,N/A
1086,1086,AMPATH,Coded,1086,Coded
1088,1088,AMPATH,Coded,1088,Coded
1090,1090,AMPATH,N/A,1090,N/A
1107,1107,AMPATH,N/A,1107,N/A
1109,1109,AMPATH,Coded,1109,Coded
1111,1111,AMPATH,Coded,1111,Coded
1113,1113,AMPATH,Date,1113,Date
1115,1115,AMPATH,N/A,1115,N/A
1116,1116,AMPATH,N/A,1116,N/A
1118,1118,AMPATH,N/A,1118,N/A
1120,1120,AMPATH,Coded,1120,Coded
1123,1123,AMPATH,Coded,1123,Coded
1125,1125,AMPATH,Coded,1125,Coded
1131,1131,AMPATH,N/A,1131,N/A
1148,1148,AMPATH,Coded,1148,Coded
1149,1149,AMPATH,Coded,1149,N/A
1151,1151,AMPATH,Coded,1151,Coded
1154,1154,AMPATH,Boolean,1154,Boolean
1167,1167,AMPATH,N/A,1167,N/A
1169,1169,AMPATH,Coded,1169,N/A
1170,1170,AMPATH,Coded,1170,N/A
1174,1174,AMPATH,Boolean,1174,Boolean
1175,1175,AMPATH,N/A,1175,N/A
1181,1181,AMPATH,Coded,1181,Coded
1185,1185,AMPATH,N/A,1185,N/A
1189,1189,AMPATH,Coded,1189,Coded
1191,1191,AMPATH,Date,1191,Date
1193,1193,AMPATH,Coded,1193,Coded
1204,1204,AMPATH,N/A,1204,N/A
1205,1205,AMPATH,N/A,1205,N/A
1206,1206,AMPATH,N/A,1206,N/A
1207,1207,AMPATH,N/A,1207,N/A
1220,1220,AMPATH,N/A,1220,N/A
1221,1221,AMPATH,N/A,1221,N/A
1222,1222,AMPATH,N/A,1222,N/A
1223,1223,AMPATH,N/A,1223,N/A
1228,1228,AMPATH,N/A,1228,N/A
1229,1229,AMPATH,N/A,1229,N/A
1246,1246,AMPATH,Boolean,1246,Boolean
1249,1249,AMPATH,N/A,1249,N/A
1252,1252,AMPATH,Coded,1252,Coded
1255,1255,AMPATH,Coded,1255,Coded
1256,1256,AMPATH,N/A,1256,N/A
1257,1257,AMPATH,N/A,1257,N/A
1258,1258,AMPATH,N/A,1258,N/A
1259,1259,AMPATH,N/A,1259,N/A
1260,1260,AMPATH,N/A,1260,N/A
1265,1265,AMPATH,Coded,1265,Coded
1266,1266,AMPATH,Coded,1266,Coded
1267,1267,AMPATH,N/A,1267,N/A
1268,1268,AMPATH,Coded,1268,Coded
1271,1271,AMPATH,Coded,1271,Coded
1272,1272,AMPATH,Coded,1272,Coded
1276,1276,AMPATH,Boolean,1276,Boolean
1282,1282,AMPATH,Coded,1282,N/A
1283,1283,AMPATH,N/A,1283,N/A
1284,1284,AMPATH,Coded,1284,N/A
1288,1288,AMPATH,Coded,1288,N/A
1294,1294,CIEL,N/A,1294,N/A
1301,1301,CIEL,N/A,1301,N/A
1302,1302,CIEL,N/A,1302,N/A
1304,1304,AMPATH,N/A,1304,N/A
1305,1305,AMPATH,Coded,1305,Coded
1319,1319,AMPATH,Numeric,1319,Numeric
1343,1343,AMPATH,Numeric,1343,Numeric
1359,1359,CIEL,Boolean,10817,Boolean
1360,1360,CIEL,Boolean,8356,N/A
1362,1362,CIEL,Boolean,2301,N/A
1363,1363,CIEL,Boolean,2074,N/A
1364,1364,CIEL,Boolean,2075,N/A
1379,1379,CIEL,Coded,10024,Coded
1405,1405,CIEL,Boolean,10789,Boolean
1409,1409,CIEL,Numeric,6429,Numeric
1410,1410,CIEL,Date,10958,Date
1418,1418,CIEL,Numeric,10485,Numeric
1425,1425,CIEL,Numeric,7086,Numeric
1427,1427,CIEL,Date,1836,Date
1434,1434,CIEL,Boolean,1484,N/A
1436,1436,CIEL,Coded,2313,Coded
1442,1442,CIEL,N/A,1901,N/A
1443,1443,CIEL,Numeric,10888,Numeric
1444,1444,CIEL,Text,10889,Text
1447,1447,CIEL,N/A,6282,N/A
1459,1459,CIEL,Boolean,10863,Boolean
1472,1472,CIEL,N/A,6700,N/A
1473,1473,CIEL,Text,10869,Text
1489,1489,CIEL,N/A,6701,N/A
1494,1494,CIEL,Boolean,6173,N/A
1498,1498,CIEL,N/A,1743,N/A
1527,1527,CIEL,N/A,1672,N/A
1528,1528,CIEL,N/A,1565,N/A
1534,1534,CIEL,N/A,6226,N/A
1538,1538,CIEL,N/A,1967,N/A
1540,1540,CIEL,N/A,10871,N/A
1542,1542,CIEL,Coded,1972,Coded
1543,1543,CIEL,Date,1570,Date
1560,1560,CIEL,Coded,1675,Coded
1572,1572,CIEL,Coded,6441,Coded
1582,1582,CIEL,N/A,11081,N/A
1587,1587,CIEL,Coded,6228,Coded
1589,1589,CIEL,N/A,6181,N/A
1619,1619,CIEL,Coded,10418,Coded
1638,1638,CIEL,N/A,10969,N/A
1647,1647,CIEL,Numeric,11089,Numeric
1652,1652,CIEL,Boolean,6467,N/A
1658,1658,CIEL,Coded,8288,Coded
1659,1659,CIEL,Coded,8292,Coded
1660,1660,CIEL,Boolean,10678,Boolean
1662,1662,CIEL,Boolean,10767,Boolean
1667,1667,CIEL,Coded,10854,Coded
1691,1691,CIEL,Boolean,2090,Boolean
1712,1605,AMPATH,Coded,1605,Coded
1714,1714,CIEL,Boolean,6215,N/A
1729,1729,CIEL,Coded,7014,Coded
1732,1732,CIEL,Coded,10604,Coded
1733,1733,CIEL,N/A,10491,N/A
1734,1734,CIEL,N/A,8787,N/A
1744,1744,CIEL,N/A,1861,N/A
1754,1754,CIEL,Coded,7043,Coded
1758,1758,CIEL,Coded,10998,Coded
1822,1822,CIEL,N/A,10492,N/A
1823,1823,CIEL,Numeric,7947,Numeric
1855,1855,CIEL,Boolean,9070,Coded
1859,1859,CIEL,Coded,8550,N/A
5021,5021,AMPATH,N/A,5021,N/A
5040,5040,AMPATH,N/A,5040,N/A
5042,2224,AMPATH,N/A,2224,N/A
5085,5085,AMPATH,Numeric,5085,Numeric
5086,5086,AMPATH,Numeric,5086,Numeric
5087,5087,AMPATH,Numeric,5087,Numeric
5088,5088,AMPATH,Numeric,5088,Numeric
5089,5089,AMPATH,Numeric,5089,Numeric
5090,5090,AMPATH,Numeric,5090,Numeric
5092,5092,AMPATH,Numeric,5092,Numeric
5096,5096,AMPATH,Date,5096,Date
5105,5105,AMPATH,N/A,5105,N/A
5209,5209,AMPATH,N/A,5209,N/A
5219,5219,AMPATH,Coded,5219,Coded
5240,5240,AMPATH,Boolean,5240,Boolean
5242,5242,AMPATH,Numeric,5242,Numeric
5244,5244,AMPATH,N/A,5244,N/A
5245,5245,AMPATH,Coded,5245,Coded
5272,44,AMPATH,Coded,44,N/A
5275,5275,AMPATH,N/A,5275,N/A
5277,5277,AMPATH,N/A,5277,N/A
5278,5278,AMPATH,N/A,5278,N/A
5279,5279,AMPATH,N/A,5279,N/A
5303,5054,AMPATH,Coded,5054,Numeric
5333,5333,AMPATH,N/A,5333,N/A
5334,295,AMPATH,N/A,295,N/A
5339,5339,AMPATH,N/A,5339,N/A
5340,5340,AMPATH,N/A,5340,N/A
5355,5355,AMPATH,Boolean,5355,Numeric
5356,5356,AMPATH,Coded,5356,Coded
5424,5424,AMPATH,N/A,5424,N/A
5483,5483,AMPATH,Boolean,5483,Coded
5484,5484,AMPATH,Coded,5484,Coded
5485,5485,AMPATH,N/A,5485,N/A
5486,5486,AMPATH,Numeric,5486,Numeric
5487,2223,AMPATH,Boolean,2223,Coded
5488,1687,AMPATH,Numeric,1687,N/A
5489,5489,AMPATH,N/A,5489,Numeric
5490,5490,AMPATH,N/A,5490,Numeric
5497,5497,AMPATH,Numeric,5497,Numeric
5526,5526,AMPATH,Coded,5526,Coded
5555,5555,AMPATH,N/A,5555,N/A
5576,2198,AMPATH,Boolean,2198,Coded
5596,1854,AMPATH,Date,1854,Date
5599,5599,AMPATH,Datetime,5599,Date
5617,5617,AMPATH,N/A,5617,N/A
5619,5619,AMPATH,Coded,5619,Coded
5622,5622,AMPATH,N/A,5622,N/A
5624,5624,AMPATH,Numeric,5624,Numeric
5629,5629,AMPATH,Boolean,5629,Boolean
5630,5630,AMPATH,Coded,5630,Coded
5632,2056,AMPATH,Coded,2056,Coded
5916,5916,AMPATH,Numeric,5916,Numeric
5978,5978,AMPATH,N/A,5978,N/A
6004,6004,AMPATH,Coded,6004,N/A
6032,6032,AMPATH,Coded,6032,N/A
6042,6042,AMPATH,Coded,6042,Coded
6046,6046,AMPATH,Coded,6046,N/A
6096,6096,AMPATH,Coded,6096,Coded
70056,70056,CIEL,N/A,814,N/A
70116,70116,CIEL,N/A,89,N/A
70245,70245,CIEL,N/A,732,N/A
70439,70439,CIEL,N/A,941,N/A
71160,265,AMPATH,N/A,265,N/A
71647,6159,AMPATH,N/A,6159,N/A
71648,71648,CIEL,N/A,11023,N/A
71780,71780,CIEL,N/A,735,N/A
71916,71916,CIEL,N/A,1240,N/A
72120,72120,CIEL,N/A,786,N/A
72822,2002,RxNORM,N/A,920,N/A
73006,73006,CIEL,N/A,963,N/A
73041,496,AMPATH,N/A,496,N/A
73043,73043,CIEL,N/A,737,N/A
73136,73136,CIEL,N/A,779,N/A
73239,266,AMPATH,N/A,266,N/A
73449,73449,CIEL,N/A,740,N/A
73624,73624,CIEL,N/A,960,N/A
73628,73628,CIEL,N/A,922,N/A
74250,74250,CIEL,N/A,92,N/A
74745,74745,CIEL,N/A,247,N/A
74778,74778,CIEL,N/A,436,N/A
74807,74807,CIEL,N/A,796,N/A
75161,75161,CIEL,N/A,959,N/A
75222,75222,CIEL,N/A,95,N/A
75523,633,AMPATH,N/A,633,N/A
75842,272,AMPATH,N/A,272,N/A
75948,2228,AMPATH,N/A,2228,N/A
76342,2363,AMPATH,N/A,2363,N/A
76464,76464,CIEL,N/A,447,N/A
76488,747,AMPATH,N/A,747,N/A
76552,2281,AMPATH,N/A,2281,N/A
76613,257,AMPATH,N/A,257,N/A
76734,76734,CIEL,N/A,99,N/A
77696,1243,AMPATH,N/A,1243,N/A
77714,290,AMPATH,N/A,290,N/A
77897,77897,CIEL,N/A,912,N/A
78010,78010,CIEL,N/A,263,N/A
78280,2229,AMPATH,N/A,2229,N/A
78476,78476,CIEL,N/A,926,N/A
78643,628,AMPATH,N/A,628,N/A
78873,271,AMPATH,N/A,271,N/A
79037,79037,CIEL,N/A,429,N/A
79040,79040,CIEL,N/A,9026,N/A
79053,79053,CIEL,N/A,957,N/A
79074,2265,AMPATH,N/A,2265,N/A
79250,314,AMPATH,N/A,314,N/A
79413,244,AMPATH,N/A,244,N/A
79723,79723,CIEL,N/A,251,N/A
79755,79755,CIEL,N/A,751,N/A
79782,237,AMPATH,N/A,237,N/A
79831,286,AMPATH,N/A,286,N/A
80487,635,AMPATH,N/A,635,N/A
80586,631,AMPATH,N/A,631,N/A
80637,250,AMPATH,N/A,250,N/A
80792,348,AMPATH,N/A,348,N/A
80945,80945,CIEL,N/A,919,N/A
81041,81041,CIEL,N/A,1244,N/A
81728,81728,CIEL,N/A,7460,N/A
82446,82446,CIEL,N/A,765,N/A
82453,82453,CIEL,N/A,491,N/A
82732,82732,CIEL,N/A,254,N/A
82900,5829,AMPATH,N/A,5829,N/A
82912,82912,CIEL,N/A,766,N/A
82913,82913,CIEL,N/A,10894,N/A
83023,243,AMPATH,N/A,243,N/A
83075,83075,CIEL,N/A,923,N/A
83412,795,AMPATH,N/A,795,N/A
84239,2269,AMPATH,N/A,2269,N/A
84309,625,AMPATH,N/A,625,N/A
84360,438,AMPATH,N/A,438,N/A
84795,802,AMPATH,N/A,802,N/A
84879,84879,CIEL,N/A,10957,N/A
85151,235,AMPATH,N/A,235,N/A
86341,329,AMPATH,N/A,329,N/A
86663,797,AMPATH,N/A,797,N/A
103166,103166,CIEL,N/A,6679,N/A
103659,103659,CIEL,N/A,7309,N/A
104565,104565,CIEL,N/A,10796,N/A
104677,104677,CIEL,Coded,9497,Coded
105281,105281,CIEL,N/A,916,N/A
110834,110834,CIEL,N/A,172,N/A
111525,111525,CIEL,N/A,8139,N/A
111633,111633,CIEL,N/A,55,N/A
111721,111721,CIEL,N/A,10668,N/A
111759,111759,CIEL,N/A,27,N/A
111873,111873,CIEL,N/A,993,N/A
111953,111953,CIEL,N/A,2213,N/A
112141,112141,CIEL,Coded,58,N/A
112171,112171,CIEL,N/A,1457,N/A
112200,112200,CIEL,N/A,9461,N/A
112493,112493,CIEL,N/A,223,N/A
112603,112603,CIEL,Coded,6259,Coded
112721,112721,CIEL,N/A,5170,N/A
112930,112930,CIEL,N/A,1876,N/A
112992,112992,CIEL,N/A,174,N/A
113054,113054,CIEL,Coded,10806,Coded
113116,113116,CIEL,N/A,2092,N/A
113224,113224,CIEL,N/A,880,N/A
113517,113517,CIEL,N/A,219,N/A
113928,113928,CIEL,N/A,6496,N/A
114100,114100,CIEL,N/A,43,N/A
114262,114262,CIEL,N/A,210,N/A
114395,114395,CIEL,N/A,10664,N/A
114399,114399,CIEL,N/A,10659,N/A
114413,114413,CIEL,N/A,6895,N/A
115285,115285,CIEL,N/A,1399,N/A
115753,115753,CIEL,N/A,1460,N/A
115779,115779,CIEL,N/A,1477,N/A
115835,115835,CIEL,N/A,60,N/A
116128,116128,CIEL,N/A,123,N/A
116130,116130,CIEL,N/A,869,N/A
116334,116334,CIEL,N/A,5949,N/A
116558,116558,CIEL,N/A,10810,N/A
116743,116743,CIEL,N/A,867,N/A
117399,117399,CIEL,N/A,903,N/A
117543,117543,CIEL,N/A,836,N/A
117671,117671,CIEL,Coded,6787,Coded
117772,117772,CIEL,N/A,133,N/A
117829,117829,CIEL,N/A,1439,N/A
117889,117889,CIEL,N/A,197,N/A
118688,118688,CIEL,N/A,7020,N/A
118771,118771,CIEL,N/A,6020,N/A
118983,118983,CIEL,Coded,10786,Coded
119481,119481,CIEL,Coded,175,N/A
119525,119525,CIEL,N/A,937,N/A
119537,119537,CIEL,N/A,207,N/A
119558,119558,CIEL,N/A,131,N/A
120069,120069,CIEL,N/A,11085,N/A
120345,120345,CIEL,N/A,6006,N/A
120749,120749,CIEL,N/A,136,N/A
120939,120939,CIEL,N/A,204,N/A
121375,121375,CIEL,Coded,5,N/A
121629,121629,CIEL,N/A,3,N/A
121689,121689,CIEL,N/A,142,N/A
121692,121692,CIEL,N/A,880,N/A
121764,121764,CIEL,Boolean,1664,Boolean
122496,122496,CIEL,Coded,2296,Coded
122983,122983,CIEL,Coded,5980,N/A
123396,123396,CIEL,N/A,5993,N/A
123468,123468,CIEL,N/A,1437,N/A
123529,123529,CIEL,N/A,5995,N/A
123565,123565,CIEL,N/A,106,N/A
123583,123583,CIEL,N/A,1453,N/A
124068,124068,CIEL,Coded,7444,Coded
124601,124601,CIEL,N/A,1468,N/A
124637,124637,CIEL,N/A,1442,N/A
124650,124650,CIEL,N/A,835,N/A
124654,124654,CIEL,N/A,144,N/A
124665,124665,CIEL,N/A,8937,N/A
124994,124994,CIEL,Coded,9028,Coded
125198,125198,CIEL,N/A,10811,N/A
125201,125201,CIEL,N/A,10820,N/A
125207,274743004,SNOMED CT,N/A,8066,N/A
125225,125225,CIEL,N/A,881,N/A
126127,126127,CIEL,N/A,10878,N/A
126319,126319,CIEL,N/A,878,N/A
126535,126535,CIEL,N/A,10673,N/A
127639,127639,CIEL,N/A,10721,N/A
127640,127640,CIEL,N/A,10825,N/A
127750,127750,CIEL,Boolean,1958,N/A
127777,127777,CIEL,N/A,7328,N/A
129407,129407,CIEL,N/A,1433,N/A
130059,130059,CIEL,N/A,10744,N/A
130305,130305,CIEL,N/A,150,N/A
131015,131015,CIEL,N/A,10667,N/A
131034,131034,CIEL,N/A,6734,N/A
131040,131040,CIEL,N/A,10658,N/A
131113,114,AMPATH,N/A,114,N/A
132387,132387,CIEL,N/A,2093,N/A
132652,132652,CIEL,N/A,1480,Coded
132653,132653,CIEL,N/A,10671,N/A
133027,133027,CIEL,Boolean,6029,N/A
133028,133028,CIEL,N/A,10669,N/A
133467,133467,CIEL,N/A,8059,N/A
133469,133469,CIEL,N/A,10670,N/A
133473,133473,CIEL,N/A,6234,N/A
133497,133497,CIEL,N/A,534,N/A
133632,133632,CIEL,N/A,6034,N/A
135462,135462,CIEL,N/A,10809,N/A
135488,135488,CIEL,N/A,161,N/A
135595,135595,CIEL,N/A,868,N/A
135761,135761,CIEL,N/A,1446,N/A
135764,135764,CIEL,N/A,11084,N/A
136163,136163,CIEL,N/A,8300,N/A
136443,136443,CIEL,N/A,215,N/A
138554,138554,CIEL,N/A,10121,N/A
138571,1169,AMPATH,N/A,1169,N/A
139084,139084,CIEL,N/A,620,N/A
139100,139100,CIEL,N/A,10714,N/A
139505,139505,CIEL,N/A,1447,N/A
139534,139534,CIEL,N/A,11083,N/A
140070,140070,CIEL,N/A,10661,N/A
140125,140125,CIEL,N/A,10710,N/A
140238,140238,CIEL,Coded,5945,Coded
140501,140501,CIEL,Boolean,5949,N/A
140707,140707,CIEL,N/A,1396,N/A
140941,140941,CIEL,N/A,7350,N/A
141128,141128,CIEL,N/A,10657,N/A
141585,141585,CIEL,N/A,10807,N/A
141597,141597,CIEL,N/A,10674,N/A
141600,141600,CIEL,N/A,5960,N/A
141830,141830,CIEL,N/A,8000,N/A
142177,142177,CIEL,Boolean,6971,N/A
142412,142412,CIEL,Coded,16,N/A
142630,142630,CIEL,N/A,991,N/A
143264,107,AMPATH,Coded,107,Coded
145455,145455,CIEL,N/A,1470,N/A
145802,145802,CIEL,Coded,5159,Boolean
146513,1435,AMPATH,N/A,1435,N/A
147104,111516008,SNOMED CT,N/A,8045,N/A
147232,147232,CIEL,Coded,1489,N/A
147241,147241,CIEL,N/A,2376,N/A
148035,148035,CIEL,N/A,456,N/A
148762,1441,AMPATH,N/A,1441,N/A
150144,150144,CIEL,N/A,838,N/A
150915,150915,CIEL,Coded,2185,N/A
151849,151849,CIEL,N/A,1843,N/A
152460,152460,CIEL,Coded,2020,Coded
152526,152526,CIEL,N/A,10765,N/A
153608,1440,AMPATH,N/A,1440,N/A
157498,157498,CIEL,N/A,10830,N/A
158358,158358,CIEL,N/A,1789,N/A
158843,158843,CIEL,N/A,150,N/A
159098,159098,CIEL,Coded,10785,Coded
159314,278287000,SNOMED CT,N/A,10072,N/A
159368,159368,CIEL,Numeric,10893,Numeric
159382,159382,CIEL,Coded,8360,N/A
159392,159392,CIEL,N/A,6137,N/A
159395,159395,CIEL,Text,7222,Text
159405,159405,CIEL,N/A,6343,N/A
159406,159406,CIEL,N/A,6655,N/A
159407,159407,CIEL,N/A,6344,N/A
159423,159423,CIEL,Coded,10726,Coded
159427,159427,CIEL,Coded,1357,Coded
159464,1969,AMPATH,N/A,1969,N/A
159465,159465,CIEL,N/A,8589,N/A
159492,159492,CIEL,N/A,1594,N/A
159495,159495,CIEL,Text,10650,Text
159524,159524,CIEL,N/A,6219,N/A
159598,1434,AMPATH,N/A,1434,N/A
159599,1499,AMPATH,Date,1499,Date
159615,159615,CIEL,Coded,10987,Coded
159616,159616,CIEL,Numeric,6225,Numeric
159662,159662,CIEL,N/A,6437,N/A
159673,159673,CIEL,N/A,6407,N/A
159675,159675,CIEL,N/A,6403,N/A
159707,159707,CIEL,Coded,6297,Coded
159715,159715,CIEL,N/A,6290,N/A
159734,159734,CIEL,Coded,10903,Coded
159772,159772,CIEL,N/A,6269,N/A
159777,159777,CIEL,Coded,6287,Coded
159783,159783,CIEL,N/A,6218,N/A
159785,159785,CIEL,N/A,6216,N/A
159786,159786,CIEL,Coded,6206,Coded
159787,159787,CIEL,Date,6207,Date
159791,159791,CIEL,N/A,6202,N/A
159799,159799,CIEL,N/A,6171,N/A
159811,159811,CIEL,Coded,6152,Coded
159833,159833,CIEL,N/A,6103,N/A
159836,159836,CIEL,N/A,6102,N/A
159871,159871,CIEL,Coded,2239,Coded
159873,159873,CIEL,N/A,2237,N/A
159875,159875,CIEL,N/A,2235,N/A
159876,159876,CIEL,N/A,2234,N/A
159878,159878,CIEL,N/A,2232,N/A
159891,159891,CIEL,Coded,2183,Coded
159917,159917,CIEL,Coded,6224,Coded
159935,159935,CIEL,Coded,2031,Coded
159936,159936,CIEL,Coded,2051,Coded
159937,159937,CIEL,N/A,2050,N/A
159939,159939,CIEL,Coded,2048,Coded
159940,159940,CIEL,N/A,2047,Coded
159941,159941,CIEL,Coded,8584,Coded
159948,159948,CIEL,Date,9728,Date
159951,159951,CIEL,Datetime,10253,Date
159958,159958,CIEL,Coded,10755,Coded
159960,159960,CIEL,N/A,10750,N/A
159961,159961,CIEL,Coded,9044,Coded
159964,159964,CIEL,Datetime,10752,Datetime
159981,159981,CIEL,N/A,10753,N/A
159982,159982,CIEL,Coded,10742,Coded
159985,159985,CIEL,N/A,9047,N/A
160016,160016,CIEL,N/A,8308,N/A
160022,160022,CIEL,N/A,9045,N/A
160028,160028,CIEL,N/A,1478,N/A
160034,160034,CIEL,N/A,1593,N/A
160040,160040,CIEL,Coded,2225,Coded
160080,160080,CIEL,Numeric,10708,Numeric
160082,160082,CIEL,Date,10899,Date
160104,160104,CIEL,N/A,9052,N/A
160123,160123,CIEL,N/A,11030,N/A
160124,160124,CIEL,N/A,9053,N/A
160208,160208,CIEL,N/A,10675,N/A
160246,160246,CIEL,Coded,10835,Coded
160288,160288,CIEL,Coded,1835,Coded
160429,160429,CIEL,Boolean,8701,Coded
160430,160430,CIEL,Text,10727,Text
160433,160433,CIEL,Coded,9082,Coded
160479,160479,CIEL,N/A,6881,N/A
160521,160521,CIEL,N/A,10728,N/A
160523,160523,CIEL,N/A,2345,N/A
160533,160533,CIEL,Boolean,1633,Boolean
160534,160534,CIEL,Date,10747,Date
160535,160535,CIEL,Text,10748,Text
160536,160536,CIEL,N/A,8349,N/A
160537,160537,CIEL,N/A,8350,N/A
160538,160538,CIEL,N/A,1776,N/A
160539,160539,CIEL,N/A,10740,N/A
160540,160540,CIEL,Coded,6749,Coded
160541,160541,CIEL,N/A,10649,N/A
160542,160542,CIEL,N/A,1965,N/A
160544,160544,CIEL,N/A,10874,N/A
160546,160546,CIEL,N/A,1964,N/A
160551,160551,CIEL,N/A,10648,N/A
160553,160553,CIEL,Coded,10841,Coded
160554,160554,CIEL,Date,9203,Date
160555,160555,CIEL,Date,7013,Date
160557,160557,CIEL,Boolean,10681,Boolean
160563,160563,CIEL,Coded,10793,Coded
160566,160566,CIEL,Boolean,8296,N/A
160569,160569,CIEL,Boolean,8297,N/A
160570,160570,CIEL,N/A,6725,N/A
160572,160572,CIEL,N/A,8299,N/A
160573,160573,CIEL,N/A,7062,N/A
160575,160575,CIEL,Coded,6687,Coded
160578,160578,CIEL,N/A,9785,N/A
160579,160579,CIEL,Coded,1832,N/A
160580,160580,CIEL,Coded,8290,N/A
160581,160581,CIEL,Coded,6578,Coded
160582,160582,CIEL,Coded,1668,Coded
160583,160583,CIEL,N/A,7064,N/A
160584,160584,CIEL,N/A,6100,N/A
160585,160585,CIEL,N/A,1548,N/A
160586,160586,CIEL,N/A,1647,N/A
160587,160587,CIEL,N/A,1648,N/A
160588,160588,CIEL,N/A,7065,N/A
160589,160589,CIEL,N/A,1666,N/A
160593,160593,CIEL,N/A,7074,N/A
160596,160596,CIEL,Coded,2061,Coded
160602,160602,CIEL,Date,10876,Date
160617,160617,CIEL,Numeric,6909,Numeric
160631,160631,CIEL,N/A,10739,N/A
160632,160632,CIEL,Text,1915,Text
160638,160638,CIEL,Text,10653,Text
160639,160639,CIEL,N/A,1410,N/A
160640,160640,CIEL,Coded,10741,Coded
160641,160641,CIEL,Text,10872,Text
160642,160642,CIEL,Text,10873,Text
160643,160643,CIEL,Coded,7007,Coded
160644,160644,CIEL,Text,11028,Text
160647,160647,CIEL,N/A,6795,N/A
160648,160648,CIEL,N/A,10844,N/A
160649,160649,CIEL,Date,10651,Date
160652,160652,CIEL,N/A,10709,N/A
160653,160653,CIEL,Coded,8355,Coded
160658,160658,CIEL,Coded,11082,Coded
160737,160737,CIEL,N/A,6621,N/A
160738,160738,CIEL,Date,10855,Date
160739,160739,CIEL,Date,1677,Date
160740,160740,CIEL,N/A,10853,N/A
160741,160741,CIEL,N/A,1281,N/A
160750,160750,CIEL,Text,7069,Text
160753,160753,CIEL,Date,10706,Date
160754,160754,CIEL,N/A,10702,N/A
160757,160757,CIEL,N/A,10875,N/A
160758,160758,CIEL,N/A,10705,N/A
160759,160759,CIEL,Coded,11029,Coded
160855,160855,CIEL,Coded,1896,Coded
160858,160858,CIEL,N/A,1888,N/A
160862,160862,CIEL,N/A,1891,N/A
160863,160863,CIEL,N/A,10890,N/A
160864,160864,CIEL,N/A,10891,N/A
160865,160865,CIEL,N/A,10892,N/A
160866,160866,CIEL,N/A,1889,N/A
160870,160870,CIEL,N/A,1890,N/A
161033,161033,CIEL,Coded,6224,Coded
161356,161356,CIEL,Coded,9043,Coded
161357,161357,CIEL,N/A,10743,N/A
161358,161358,CIEL,N/A,6750,N/A
161360,161360,CIEL,N/A,1932,N/A
161361,161361,CIEL,N/A,10795,N/A
161363,161363,CIEL,N/A,6965,N/A
161364,161364,CIEL,N/A,1400,N/A
161438,161438,CIEL,Numeric,10905,Numeric
161440,161440,CIEL,Coded,9307,Coded
161442,161442,CIEL,Coded,7276,Coded
161446,161446,CIEL,N/A,302,N/A
161551,161551,CIEL,Text,7060,Text
161555,161555,CIEL,Coded,1596,Coded
161557,161557,CIEL,Coded,2312,Coded
161558,161558,CIEL,Coded,9611,Coded
161559,161559,CIEL,N/A,11026,N/A
161561,161561,CIEL,Date,10737,Date
161564,161564,CIEL,Text,9054,Text
161601,161601,CIEL,Coded,8565,Coded
161628,161628,CIEL,N/A,9041,N/A
161630,161630,CIEL,Coded,10967,Coded
161642,161642,CIEL,N/A,9025,N/A
161643,161643,CIEL,Coded,1412,Coded
161651,161651,CIEL,Coded,1368,Boolean
161652,161652,CIEL,Coded,10831,Coded
161879,161879,CIEL,N/A,2032,N/A
161881,161881,CIEL,N/A,8581,N/A
161888,161888,CIEL,N/A,11088,N/A
162050,162050,CIEL,N/A,2240,N/A
162053,162053,CIEL,Numeric,9775,Text
162055,162055,CIEL,Coded,10970,Coded
162056,162056,CIEL,Coded,8538,N/A
162057,162057,CIEL,Coded,8539,N/A
162058,162058,CIEL,Coded,8540,N/A
162059,162059,CIEL,Coded,8541,N/A
162060,162060,CIEL,Coded,8544,N/A
162061,162061,CIEL,Coded,8542,N/A
162062,162062,CIEL,Coded,8543,N/A
162064,162064,CIEL,Coded,8528,Coded
162065,162065,CIEL,N/A,8527,N/A
162066,162066,CIEL,Coded,8532,Coded
162069,162069,CIEL,Coded,8537,Coded
162077,162077,CIEL,Coded,10426,Coded
162081,162081,CIEL,N/A,10200,N/A
162082,162082,CIEL,N/A,10972,N/A
162084,162084,CIEL,Coded,10417,Coded
162085,162085,CIEL,N/A,6170,N/A
162095,162095,CIEL,Boolean,6746,Coded
162096,162096,CIEL,Coded,10918,Coded
162140,162140,CIEL,Datetime,10070,Date
162170,162170,CIEL,N/A,11027,N/A
162199,162199,CIEL,N/A,9050,N/A
162200,162200,CIEL,N/A,9051,N/A
162201,162201,CIEL,N/A,9055,N/A
162202,162202,CIEL,Coded,10761,Coded
162204,162204,CIEL,N/A,10763,N/A
162221,162221,CIEL,N/A,7246,N/A
162224,162224,CIEL,N/A,10843,N/A
162225,162225,CIEL,Coded,9207,Coded
162226,162226,CIEL,N/A,9042,N/A
162227,162227,CIEL,Date,9206,Date
162229,162229,CIEL,Coded,10832,Coded
162230,162230,CIEL,Coded,11086,Coded
162240,162240,CIEL,Coded,10852,Coded
162275,162275,CIEL,Coded,7502,Coded
162309,162309,CIEL,Coded,10677,Coded
162311,162311,CIEL,Coded,8601,Coded
162332,162332,CIEL,N/A,10956,N/A
162549,162549,CIEL,Date,9605,Date
162561,162561,CIEL,N/A,10798,N/A
162563,162563,CIEL,N/A,10801,N/A
162565,162565,CIEL,N/A,10797,N/A
162626,162626,CIEL,N/A,10660,N/A
162695,162695,CIEL,Coded,10837,Coded
162724,162724,CIEL,Text,6748,Text
162737,162737,CIEL,Coded,1119,Coded
162747,162747,CIEL,Coded,10239,Coded
162760,162760,CIEL,Coded,6968,Coded
162877,162877,CIEL,Coded,10707,Coded
163089,163089,CIEL,Coded,10836,Coded
163104,163104,CIEL,Text,7222,Text
163164,163164,CIEL,Coded,10839,Coded
163201,163201,CIEL,Coded,10729,Coded
163300,163300,CIEL,Coded,10805,Coded
163302,163302,CIEL,Coded,9471,Coded
163303,163303,CIEL,N/A,9472,N/A
163414,163414,CIEL,Coded,10676,Coded
163565,163565,CIEL,N/A,10479,N/A
163611,163611,CIEL,N/A,10766,N/A
163752,163752,CIEL,Coded,2028,Coded
163766,163766,CIEL,Coded,10087,Coded
163794,163794,CIEL,N/A,6656,N/A
164073,164073,CIEL,Date,10783,Date
164074,164074,CIEL,Date,10784,Date
164075,164075,CIEL,Coded,10788,Coded
164144,164144,CIEL,Coded,10647,Coded
164360,164360,CIEL,Coded,10840,Coded
164500,164500,CIEL,Coded,2021,Coded
164505,164505,CIEL,N/A,6964,N/A
164511,164511,CIEL,N/A,10799,N/A
164512,164512,CIEL,N/A,10800,N/A
164855,164855,CIEL,Coded,10804,Coded
164886,164886,CIEL,Coded,10838,Coded
